# Enhanced demo data (B2) for LibraryDemoData CSV loader
# Format: BRANCH,BOOK,USER,BORROW,RESERVE

BRANCH,B1,Novel
BRANCH,B2,Computer Science
BRANCH,B3,History
BRANCH,B4,Art & Design

# Books (titles kept comma-free for simple parser)
BOOK,BK1,Harry Potter and the Sorcerers Stone,J.K. Rowling,B1
BOOK,BK2,Harry Potter and the Chamber of Secrets,J.K. Rowling,B1
BOOK,BK3,The Hobbit,J.R.R. Tolkien,B1
BOOK,BK4,To Kill a Mockingbird,Harper Lee,B1
BOOK,BK5,Eloquent JavaScript,Marijn Haverbeke,B2
BOOK,BK6,Clean Code,Robert C. Martin,B2
BOOK,BK7,Introduction to Algorithms,Thomas H. Cormen,B2
BOOK,BK8,The Pragmatic Programmer,Andrew Hunt and David Thomas,B2
BOOK,BK9,Sapiens,Yuval Noah Harari,B3
BOOK,BK10,A Peoples History of the United States,Howard Zinn,B3
BOOK,BK11,The Wright Brothers,David McCullough,B3
BOOK,BK12,The Art of War,Sun Tzu,B3
BOOK,BK13,The Design of Everyday Things,Don Norman,B4
BOOK,BK14,Steal Like an Artist,Austin Kleon,B4
BOOK,BK15,Art Fundamentals,Otto G.,B4
BOOK,BK16,The Hitchhikers Guide to the Galaxy,Douglas Adams,B1
BOOK,BK17,Brave New World,Aldous Huxley,B2
BOOK,BK18,The Catcher in the Rye,J.D. Salinger,B1
BOOK,BK19,The Lord of the Rings,J.R.R. Tolkien,B1
BOOK,BK20,The Da Vinci Code,Dan Brown,B3
BOOK,BK21,Introduction to Java Programming,Y. Daniel Liang,B2
BOOK,BK22,Data Structures and Abstractions with Java,Frank M. Carrano,B2

# Users
USER,C1,Tom,tom@example.com,tom,123,CUSTOMER
USER,C2,Jerry,jerry@example.com,jerry,123,CUSTOMER
USER,C3,Alice,alice@example.com,alice,123,CUSTOMER
USER,C4,Bob,bob@example.com,bob,123,CUSTOMER
USER,M1,Manager Alice,manager@example.com,manager,123,MANAGER
USER,A1,System Admin,admin@example.com,admin,123,ADMIN

# Borrow records: negative offsets => overdue (offset relative to today)
BORROW,C1,B1,BK1,-12
BORROW,C1,B1,BK3,-3
BORROW,C1,B1,BK4,7
BORROW,C1,B2,BK6,14
BORROW,C2,B2,BK5,-1
BORROW,C2,B3,BK11,2
BORROW,C2,B4,BK13,-7
BORROW,C1,B1,BK19,-30

# Reservations (waiting lists)
RESERVE,C2,B1,BK1
RESERVE,C3,B1,BK1
RESERVE,C4,B1,BK1
RESERVE,C1,B4,BK13
RESERVE,C3,B4,BK13
RESERVE,C1,B1,BK4
